[
    {
        "name": "root",
        "type": "folder",
        "created_by": "Super User",
        "created_on": "2014-11-25 01:11:11",
        "modified_by": "Super User",
        "modified_on": "2014-11-22 16:11:26",
        "description": "The main folder to organize files and folders.",
        "viewlevel": 1,
        "enabled": true,
        "children": [
            {
                "name": "Links",
                "type": "folder",
                "created_by": "Super User",
                "created_on": "2014-11-25 01:11:11",
                "modified_by": "Super User",
                "modified_on": "2014-11-22 22:23:27",
                "description": "A few Links",
                "viewlevel": 1,
                "enabled": null,
                "children": [
                    {
                        "name": "Google",
                        "type": "link",
                        "uri": "http:\/\/google.com",
                        "created_by": "Super User",
                        "created_on": "2014-11-25 01:11:11",
                        "modified_by": "Super User",
                        "modified_on": "2014-11-25 00:34:22",
                        "description": "Google",
                        "viewlevel": 1,
                        "enabled": true
                    },
                    {
                        "name": "ICampus Jira.url",
                        "type": "link",
                        "uri": "http:\/\/icampus.thm.de\/jira",
                        "created_by": "Super User",
                        "created_on": "2014-11-25 01:11:11",
                        "modified_by": "Super User",
                        "modified_on": "2014-11-25 01:09:55",
                        "description": "ICampus Jira",
                        "viewlevel": 1,
                        "enabled": true
                    }
                ]
            },
            {
                "name": "Downloads",
                "type": "folder",
                "created_by": "Super User",
                "created_on": "2014-11-25 01:11:11",
                "modified_by": "Super User",
                "modified_on": "2014-11-22 22:24:24",
                "description": "All Downloads",
                "viewlevel": 1,
                "enabled": null,
                "children": [
                    {
                        "name": "Lib-Core.zip",
                        "type": "file",
                        "created_by": "Super User",
                        "created_on": "2014-11-25 01:11:11",
                        "modified_by": "Super User",
                        "modified_on": "2014-11-22 22:30:35",
                        "description": "Lib-Core",
                        "viewlevel": 1,
                        "enabled": true
                    }
                ]
            },
            {
                "name": "Sonstiges",
                "type": "folder",
                "created_by": "Super User",
                "created_on": "2014-11-25 01:11:11",
                "modified_by": "Super User",
                "modified_on": "2014-11-22 22:24:46",
                "description": "Miscellaneous",
                "viewlevel": 1,
                "enabled": null,
                "children": [
                    {
                        "name": "ICampus.url",
                        "type": "link",
                        "uri": "http:\/\/icampus.thm.de",
                        "created_by": "Super User",
                        "created_on": "2014-11-25 01:11:11",
                        "modified_by": "Super User",
                        "modified_on": "2014-11-25 01:10:26",
                        "description": "ICampus",
                        "viewlevel": 1,
                        "enabled": true
                    },
                    {
                        "name": "THM-Trees.zip",
                        "type": "file",
                        "created_by": "Super User",
                        "created_on": "2014-11-25 01:11:11",
                        "modified_by": "Super User",
                        "modified_on": "2014-11-22 22:31:21",
                        "description": "THM-Trees",
                        "viewlevel": 1,
                        "enabled": false
                    }
                ]
            }
        ]
    }
]