[{"name":"Links","type":"folder","created_by":"Max Muster","created_on":"2014-11-21 12:34:56","modified_by":"Dean Olsen","modified_on":"2014-11-21 13:24:48","description":"Links Folder","viewlevel":"0","enabled":"1","children":[{"name":"Google.url","type":"link","uri":"http:\/\/www.google.de","created_by":"Max Muster","created_on":"2014-11-21 12:34:56","modified_by":"Dean Olsen","modified_on":"2014-11-21 13:24:48","description":"Google URL","viewlevel":"1","enabled":"1","children":[]},{"name":"ICampus Jira.url","type":"link","uri":"http:\/\/icampus.thm.de\/jira","created_by":"Max Muster","created_on":"2014-11-21 12:34:56","modified_by":"Dean Olsen","modified_on":"2014-11-21 13:24:48","description":"iCampus jira URL","viewlevel":"1","enabled":"1","children":[]}]},{"name":"Downloads","type":"folder","created_by":"Max Muster","created_on":"2014-11-21 12:34:56","modified_by":"Dean Olsen","modified_on":"2014-11-21 13:24:48","description":"Downloads Folder","viewlevel":"0","enabled":"1","children":[{"name":"Lib-Core.zip","type":"file","created_by":"Max Muster","created_on":"2014-11-21 12:34:56","modified_by":"Dean Olsen","modified_on":"2014-11-21 13:24:48","description":"Lib-Core.zip Datei","viewlevel":"1","enabled":"1","children":[]}]},{"name":"Sonstiges","type":"folder","created_by":"Max Muster","created_on":"2014-11-21 12:34:56","modified_by":"Dean Olsen","modified_on":"2014-11-21 13:24:48","description":"Sonstiges Folder","viewlevel":"0","enabled":"1","children":[{"name":"ICampus.url","type":"link","uri":"http:\/\/icampus.thm.de","created_by":"Max Muster","created_on":"2014-11-21 12:34:56","modified_by":"Dean Olsen","modified_on":"2014-11-21 13:24:48","description":"Lib-Core.zip Datei","viewlevel":"1","enabled":"1","children":[]},{"name":"THM-Trees.zip","type":"file","created_by":"Max Muster","created_on":"2014-11-21 12:34:56","modified_by":"Dean Olsen","modified_on":"2014-11-21 13:24:48","description":"THM-Trees.zip Datei","viewlevel":"1","enabled":"0","children":[]}]}]